2017,2016,2015,2014,2013,2012,2011,2010,2009,2008,2007,2006,2005,2004,2003,2002,2001,2000,1999,1998,1997,1996,1995,1994,1993,1992,1991,1990
31.92,32.11,32.25,32.03,32.05,32.16,32.23,32.67,32.85,28.92,31.94,32.36,32.5,32.28,32.57,29.54,33.09,29.8,30.6,31.14,29.83,31.97,31.9,29.83,30.01,29.78,29.58,31.87
31.92,32.17,32.22,32.09,32.08,32.18,32.21,32.54,32.88,28.92,31.95,32.39,32.53,32.46,32.75,29.55,33.29,29.88,30.85,31.11,29.79,32.16,32.4,29.87,30.05,29.8,29.52,31.85
31.91,32.2,32.19,32.12,32.08,32.19,32.2,32.37,32.94,29.02,31.93,32.4,32.55,32.46,32.94,29.55,33.42,29.82,30.85,31.04,29.85,32.18,32.5,29.87,30.09,29.83,29.4,31.84
31.9,32.27,32.17,32.15,32.09,32.18,32.19,32.27,33,29.2,31.92,32.38,32.55,32.44,33.01,29.62,34.26,29.85,30.9,31,30.03,32.15,32.46,30.06,30.11,29.87,29.86,31.83
31.89,32.32,32.15,32.16,32.08,32.18,32.2,32.3,33.05,29.26,31.91,32.39,32.56,32.39,33.04,29.63,34.66,29.93,30.98,30.96,30.1,32.21,32.48,30.15,30.18,29.9,29.85,31.82
31.89,32.32,32.14,32.22,32.08,32.21,32.35,32.33,33.09,29.3,31.9,32.43,32.55,32.33,33.15,29.63,34.9,30.05,31.05,30.99,30.15,32.3,32.36,30.5,30.25,29.93,30.02,31.81
31.88,32.3,32.13,32.25,32.07,32.24,32.68,32.34,33.13,29.36,31.93,32.45,32.56,32.27,33.31,29.63,35.26,30.17,31.09,31.03,30.19,32.6,32.2,31.54,30.31,29.95,30.3,31.87
31.87,32.51,32.11,32.23,32.04,32.27,32.49,32.31,33.17,29.46,31.93,32.43,32.56,32.2,33.44,29.63,35.08,30.32,31.15,31.08,30.29,32.98,32,32,30.34,30.01,30.63,31.86
31.86,32.6,32.1,32.26,32.02,32.29,32.37,32.25,33.19,29.51,31.92,32.39,32.54,32.18,33.59,29.63,34.74,30.43,31.22,31.12,30.49,33.03,31.8,32.3,30.37,30.5,30.7,31.82
31.86,32.21,32.08,32.23,32.02,32.27,32.24,32.18,33.21,29.56,31.91,32.39,32.53,32.13,33.79,29.62,34.38,30.52,31.36,31.12,30.6,33.2,31.55,32.82,30.4,30.33,30.92,31.8
31.87,32.06,32.07,32.18,32.02,32.24,32.21,32.08,33.22,29.74,31.9,32.4,32.53,32.09,33.84,29.61,33.98,30.6,31.45,31.11,30.7,33.21,31.27,33.24,30.44,29.93,31.45,31.8
31.87,32.02,32.06,32.05,32.02,32.21,32.17,32.01,33.23,30.22,31.89,32.45,32.55,32.06,33.82,29.61,33.62,30.68,31.53,31.11,30.73,33.2,31.08,33.48,30.6,29.98,31.89,31.66
31.88,31.96,32.05,31.95,32.03,32.18,32.19,32.17,33.25,30.4,31.88,32.5,32.6,32.05,33.77,29.6,33.24,30.77,31.58,31.13,30.73,33.18,31.12,33.62,30.9,30,32.01,31.64
31.88,31.98,32.1,31.96,32.04,32.15,32.18,32.26,33.29,30.68,31.87,32.54,32.66,32.05,33.65,29.6,32.96,30.97,31.64,31.27,30.75,33.16,31.06,33.84,31.02,30.02,31.92,31.62
31.89,32.32,32.11,31.97,32.05,32.12,32.15,32.52,33.3,30.9,31.87,32.57,32.7,32.08,33.52,29.59,32.65,31.15,31.7,31.33,30.77,33.31,30.96,34.13,31.06,30.06,31.79,31.61
31.9,32.26,32.36,32.01,32.06,32.11,32.1,32.56,33.33,31.21,31.86,32.63,32.72,32.08,33.35,29.6,32.42,31.27,31.75,31.37,30.77,33.3,30.88,34.34,30.95,30.1,31.54,31.53
31.9,32.17,32.28,32.04,32.15,32.13,32.04,32.58,33.35,31.49,31.86,32.7,32.73,32.09,33.18,29.6,32.28,31.32,32.06,31.45,30.79,33.22,30.83,34.48,30.8,30.13,31.26,31.42
31.89,32.12,32.17,32.02,32.2,32.14,32.18,32.59,33.37,31.67,31.86,32.77,32.74,32.09,32.97,29.61,32.17,31.35,32.2,31.48,30.87,33.08,31.02,34.67,30.63,30.15,31,31.31
31.89,32.08,32.18,32.1,32.45,32.15,32.2,32.56,33.4,31.82,31.86,32.77,32.76,32.09,32.96,29.63,32.11,31.41,32.28,31.5,30.95,32.91,31.06,34.7,30.54,30.17,30.92,31.21
31.88,32.05,32.14,32.19,32.63,32.18,32.22,32.66,33.49,31.95,31.85,32.76,32.78,32.03,32.98,29.63,32.04,31.454,32.28,31.53,31.03,32.75,31.19,34.75,30.65,30.18,30.81,31.04
31.88,32.03,32.21,32.2,32.37,32.21,32.22,32.67,33.52,32.05,31.85,32.79,32.79,32.01,33.15,29.62,31.9,31.47,32.45,31.58,31.1,32.65,31.32,34.74,30.75,30.24,30.65,30.92
31.87,32,32.27,32.18,32.25,32.23,32.24,32.63,33.49,32.13,31.86,32.81,32.83,31.98,33.26,29.7,31.95,31.48,32.3,31.58,31.24,32.52,31.26,34.67,30.83,30.28,30.57,30.79
31.87,31.99,32.34,32.2,32.33,32.25,32.23,32.7,33.52,32.21,31.93,32.82,32.85,31.99,33.5,29.79,31.96,31.51,32.17,31.59,31.29,32.39,31.28,34.57,30.91,30.32,30.64,30.8
31.86,31.94,32.34,32.15,32.27,32.27,32.21,32.85,33.61,32.28,31.94,32.85,32.87,32.04,33.58,29.99,32.03,31.51,32.03,31.62,31.32,32.19,31.74,34.45,30.96,30.36,30.71,30.81
31.86,31.9,32.31,32.14,32.13,32.3,32.21,32.91,33.67,32.35,31.96,32.88,32.89,32.1,33.56,30.05,32.12,31.51,31.97,31.62,31.32,31.97,31.98,34.29,31,30.4,30.75,30.83
31.86,32,32.26,32.13,32.14,32.31,32.19,32.88,33.84,32.41,31.96,32.9,32.91,32.17,33.48,30.12,32.16,31.51,32,31.59,31.32,31.72,32.1,34.13,31.08,30.43,30.79,30.87
31.86,32.02,32.21,32.11,32.08,32.34,32.15,32.83,33.91,32.46,31.94,32.91,32.92,32.3,33.38,30.23,32.65,31.51,32.11,31.55,31.31,31.47,32.21,33.94,31.18,30.46,30.81,30.9
31.87,32.08,32.16,32.17,32.15,32.312,32.17,32.75,33.87,32.51,31.92,32.91,32.94,32.36,33.24,30.28,32.98,31.5,32.02,31.5,31.33,31.22,32.24,33.82,31.27,30.48,30.81,31.04
31.88,32.24,32.12,32.16,32.05,32.27,32.14,32.67,33.89,32.56,31.9,32.95,32.94,32.46,33.05,30.31,33.47,31.48,31.99,31.42,31.35,31,32.22,33.46,31.34,30.52,30.89,31.1
31.88,32.23,32.17,32.23,32.02,32.23,32.12,32.71,33.95,32.58,31.89,32.96,32.95,32.54,32.92,30.35,33.79,31.48,31.99,31.38,31.4,30.79,32.24,33.2,31.43,30.55,31.07,31.2
31.89,32.23,32.34,32.18,32,32.18,32.1,32.75,33.96,32.61,31.89,32.96,32.96,32.62,32.8,30.45,34,31.45,32,31.31,31.5,30.82,32.3,32.98,31.5,30.59,31.14,31.1
31.92,32.23,32.51,32.18,31.98,32.13,32.14,32.78,33.96,32.63,31.87,32.97,32.98,32.66,32.69,30.52,34.11,31.44,31.98,31.25,31.58,30.85,32.24,32.69,31.55,30.63,31.15,31.14
31.94,32.21,32.57,32.25,32.15,32.11,32.18,32.75,33.9,32.72,31.88,32.98,33.02,32.67,32.51,30.58,34.16,31.47,31.94,31.25,31.65,30.87,32.2,32.4,31.62,30.66,31.29,31.23
32.08,32.19,32.57,32.25,32.32,32.07,32.17,32.7,33.9,32.78,31.95,33.02,33.05,32.67,32.4,30.72,34.14,31.5,31.99,31.23,31.67,30.86,32.11,32.15,31.7,30.68,31.4,31.24
32.3,32.18,32.56,32.15,32.34,32.08,32.16,32.65,33.87,32.86,31.99,33.06,33.09,32.66,32.29,31,34.08,31.52,32.02,31.25,31.66,30.86,31.96,32.06,31.75,30.7,31.44,31.15
32.29,32.15,32.46,32.44,32.32,32.08,32.18,32.67,34.02,32.9,32.02,33.09,33.12,32.69,32.22,31.16,34.01,31.54,32.07,31.28,31.64,30.86,31.78,32.02,31.81,30.73,31.46,31.02
32.18,32.1,32.33,32.31,32.3,32.09,32.19,32.64,34.03,32.93,32.1,33.11,33.16,32.71,32.15,31.37,33.89,31.55,32.12,31.29,31.63,30.98,31.6,31.82,31.87,30.75,31.5,30.95
32.21,32.23,32.35,32.33,32.3,32.14,32.19,32.59,34.08,32.98,32.21,33.15,33.19,32.78,32.1,31.56,33.95,31.55,32.15,31.3,31.63,31.22,31.42,31.66,31.92,30.78,31.14,30.92
32.23,32.23,32.33,32.35,32.18,32.19,32.18,32.54,34,33.03,32.32,33.21,33.22,32.83,32.03,31.77,33.93,31.57,32.18,31.3,31.63,31.22,31.55,31.49,31.96,30.8,31.4,30.97
32.19,32.23,32.21,32.5,32.13,32.21,32.17,32.59,33.88,33.07,32.43,33.27,33.25,32.89,32.01,31.92,33.89,31.61,32.24,31.29,31.63,31.29,31.59,31.29,32.01,30.82,31.48,31.03
32.19,32.28,32.22,32.56,32.04,32.25,32.16,32.64,33.9,33.11,32.56,33.32,33.28,32.94,31.99,32.05,33.82,31.65,32.35,31.35,31.64,31.39,31.6,31.04,32.05,30.85,31.52,31.03
32.23,32.47,32.22,32.64,32.09,32.27,32.15,32.64,33.94,33.14,32.68,33.36,33.3,32.97,31.99,32.14,33.69,31.69,32.39,31.41,31.64,31.5,31.52,31.1,32.08,30.88,31.46,31
32.23,32.39,32.14,32.61,32.12,32.29,32.17,32.63,33.92,33.17,32.89,33.41,33.32,33,31.98,32.24,33.56,31.76,32.42,31.46,31.67,31.58,31.54,31.14,32.11,30.9,31.54,30.97
32.24,32.35,32.06,32.41,32.15,32.31,32.16,32.7,34.02,33.19,33.07,33.45,33.35,33.03,31.96,32.3,33.38,31.8,32.45,31.51,31.7,31.69,31.52,31.18,32.18,30.99,31.23,30.93
32.24,32.15,32.04,32.28,32.2,32.31,32.28,32.72,34.06,33.21,33.31,33.5,33.36,33.06,31.93,32.39,33.21,31.82,32.46,31.55,31.75,31.88,31.49,31.2,32.19,31.02,31.15,30.86
32.27,32.09,32.04,32.3,32.17,32.33,32.18,32.72,34.07,33.23,33.47,33.54,33.4,33.08,31.9,32.46,33.04,31.85,32.47,31.59,31.79,32,31.5,31.23,32.21,31.07,31.2,30.9
32.27,32.04,32.05,32.23,32.25,32.28,32.14,32.73,34.06,33.25,33.43,33.59,33.42,33.08,31.88,32.52,32.86,31.9,32.5,31.62,31.79,32.02,31.64,31.24,32.24,31.1,31.23,30.95
32.26,31.92,32.08,32.05,32.3,32.25,32.25,32.71,34.03,33.27,33.48,33.66,33.43,33.11,31.86,32.57,32.68,31.95,32.51,31.67,31.81,32.03,31.75,31.22,32.27,31.12,31.5,30.98
32.24,32.08,32.09,32.16,32.34,32.21,32.28,32.7,34.01,33.29,33.87,33.85,33.45,33.15,31.92,32.61,32.53,32.01,32.55,31.71,31.82,32.02,32.3,31.2,32.3,31.13,31.73,30.97
32.25,32.16,32.06,32.14,32.26,32.15,32.26,32.7,34,33.3,33.9,34.07,33.47,33.17,31.98,32.64,32.4,32.06,32.59,31.77,31.88,32,32.55,31.19,32.32,31.15,31.56,30.99
32.24,32.14,32.02,32.15,32.21,32.13,32.22,32.69,33.98,33.32,33.83,34.15,33.48,33.2,31.99,32.68,32.28,32.11,32.62,31.82,31.92,32.07,32.65,31.2,32.33,31.17,31.38,31
32.26,32.09,32.07,32.17,32.18,32.08,32.22,32.66,33.98,33.36,33.72,34.3,33.5,33.21,31.99,32.74,32.18,32.15,32.68,31.92,31.96,32.18,32.67,31.2,32.34,31.2,31.27,31.1
32.26,32.06,32.12,32.13,32.17,32.03,32.2,32.84,33.97,33.39,33.57,34.41,33.54,33.23,31.97,32.79,32.15,32.18,32.76,32.04,32,32.26,32.74,31.2,32.35,31.24,31.2,31.2
32.27,32.08,32.14,32.07,32.17,32.03,32.18,33.03,33.95,33.41,33.43,34.41,33.58,33.24,31.97,32.83,32.14,32.23,32.82,32.1,32.03,32.19,32.69,31.2,32.36,31.27,31.12,31.3
32.26,32.06,32.13,31.97,32.15,32.04,32.17,33.14,33.95,33.42,33.38,34.3,33.62,33.26,31.97,32.86,32.11,32.26,32.86,32.16,32.07,32.07,32.59,31.33,32.37,31.3,31.02,31.3
32.25,32.11,32.11,32.06,32.13,32.04,32.18,33.26,33.94,33.48,33.27,34.26,33.63,33.26,31.96,32.89,32.08,32.42,32.93,32.22,32.15,31.96,32.47,31.4,32.37,31.33,30.93,31.3
32.24,32.06,32.07,32.14,32.13,32.05,32.17,33.36,33.96,33.52,33.17,34.28,33.67,33.27,31.95,32.92,32.05,32.49,32.98,32.26,32.21,32.11,32.45,31.27,32.37,31.36,30.94,31.28
32.23,32.06,32.06,32.13,32.14,32.05,32.18,33.11,33.98,33.55,33.08,34.19,33.72,33.28,31.96,32.98,32.07,32.52,33.03,32.3,32.24,32.16,32.49,31.18,32.39,31.39,31.08,31.26
32.23,32.18,32.03,32.13,32.14,32.06,32.17,33.38,33.98,33.58,33.01,34.05,33.76,33.3,31.97,33.08,32.12,32.56,33.08,32.33,32.27,32.2,32.43,31.08,32.43,31.41,31.25,31.24
,32.2,,,,32.07,,,,33.6,,,,33.32,,,,32.62,,,,32.28,,,,31.44,,
32.24,32.13,32,32.1,32.13,32.08,32.17,33.37,33.97,33.62,32.98,33.92,33.78,33.34,32.11,33.13,32.13,32.76,33.09,32.36,32.29,32.23,32.35,31.06,32.48,31.47,31.48,31.27
32.24,32.05,31.97,32.23,32.12,32.08,32.15,33.03,33.98,33.64,32.94,33.77,33.8,33.35,32.26,33.15,32.22,32.7,33.12,32.39,32.3,32.13,32.32,31.13,32.48,31.53,31.48,31.28
32.25,32.11,31.98,32.29,32.1,32.08,32.18,32.66,33.99,33.67,32.95,33.63,33.84,33.35,32.28,33.13,32.94,32.72,33.17,32.43,32.31,32.03,32.11,31.14,32.47,31.58,31.38,31.32
32.23,32.1,32.1,32.34,32.08,32.08,32.2,32.36,33.99,33.69,33,33.46,33.88,33.36,32.28,33.11,33.26,32.76,33.26,32.45,32.33,31.9,32.15,31.2,32.45,31.61,31.29,31.36
32.2,32.16,32.18,32.33,32.08,32.1,32.22,32.33,34.03,33.72,33.1,33.47,33.9,33.36,32.26,33.08,33.44,32.8,33.19,32.52,32.36,31.8,32.16,31.23,32.45,31.64,31.23,31.37
32.17,32.2,32.2,32.32,32.08,32.11,32.23,32.15,34.11,33.74,33.09,33.41,33.96,33.36,32.3,33.05,33.45,32.82,33.04,32.57,32.38,31.8,32.62,31.22,32.46,31.66,31.16,31.39
32.2,32.22,32.21,32.27,32.1,32.11,32.23,32.05,34.24,33.76,33.2,33.32,34,33.36,32.3,33.03,33.66,32.85,32.95,32.6,32.39,31.82,32.9,31.34,32.46,31.68,31.2,31.42
32.22,32.21,32.22,32.31,32.3,32.12,32.22,32.01,34.34,33.77,33.18,33.29,34.02,33.37,32.27,33.03,33.88,32.87,32.86,32.64,32.43,31.8,33.05,31.37,32.46,31.71,31.22,31.44
32.23,32.16,32.22,32.33,32.2,32.14,32.2,31.98,34.4,33.78,33.1,33.25,34.05,33.37,32.24,33.03,34.18,32.89,33.61,32.67,32.46,31.81,33.15,31.38,32.48,31.73,31.28,31.46
32.23,32.16,32.2,32.35,32.29,32.15,32.19,32.01,34.39,33.81,33.01,33.26,34.08,33.37,32.21,33.02,34.2,32.91,34.27,32.69,32.49,31.81,33.12,31.44,32.49,31.75,31.28,31.49
32.22,32.16,32.16,32.27,32.35,32.16,32.17,32.01,34.36,33.85,32.96,33.24,34.1,33.38,32.22,33.02,34.13,32.92,34.84,32.71,32.52,31.75,33.09,31.51,32.51,31.76,31.26,31.5
32.23,32.17,32.11,32.25,32.47,32.16,32.14,31.99,34.35,33.88,32.9,33.25,34.12,33.37,32.29,33.02,34.16,32.94,34.93,32.74,32.54,31.75,33.07,31.58,32.52,31.78,31.37,31.5
32.25,32.15,32.07,32.22,32.41,32.16,32.14,31.98,34.34,33.91,32.86,33.24,34.15,33.37,32.35,33.02,34.14,32.94,34.79,32.77,32.56,31.78,32.97,31.62,32.53,31.8,31.47,31.53
32.25,32.12,32.03,32.19,32.33,32.16,32.15,31.97,34.32,33.93,32.9,33.26,34.17,33.36,32.4,33.02,34.03,32.95,34.59,32.79,32.58,31.92,32.85,31.66,32.55,31.82,31.46,31.56
32.24,32.07,31.95,32.14,32.24,32.15,32.16,31.95,34.3,33.95,32.97,33.27,34.18,33.35,32.46,33.02,33.87,32.98,34.33,32.8,32.6,32.02,32.7,31.68,32.56,31.83,31.37,31.6
32.23,32.19,31.87,32.09,32.21,32.15,32.2,31.93,34.27,33.97,33.01,33.32,34.2,33.33,32.46,33.04,33.7,32.99,34.01,32.82,32.61,32.12,32.52,31.7,32.56,31.84,31.39,31.63
32.21,32.14,31.9,32.05,32.23,32.16,32.25,31.97,34.24,33.99,33.1,33.35,34.21,33.33,32.47,33.04,33.54,33,33.67,32.83,32.62,32.17,32.31,31.7,32.57,31.85,31.52,31.65
32.19,32.14,31.95,32.1,32.2,32.19,32.21,31.99,34.23,34.02,33.16,33.43,34.23,33.33,32.51,33.05,33.39,33.02,33.5,32.83,32.63,32.2,32.17,31.73,32.57,31.86,31.58,31.67
32.17,32.15,31.96,32.13,32.2,32.21,32.21,31.99,34.26,34.04,33.22,33.43,34.24,33.33,32.58,33.06,33.23,33.03,33.47,32.85,32.64,32.21,32.02,31.78,32.58,31.87,31.56,31.68
32.16,32.15,31.97,32.14,32.21,32.22,32.19,31.99,34.29,34.06,33.27,33.5,34.25,33.32,32.66,33.06,33.21,33.05,33.45,32.85,32.65,32.28,31.85,31.81,32.59,31.89,31.51,31.78
32.15,32.14,31.97,32.14,32.19,32.23,32.17,32,34.3,34.08,33.31,33.68,34.28,33.32,32.76,33.05,33.68,33.05,33.41,32.86,32.65,32.28,31.85,31.84,32.6,31.9,31.45,31.74
32.18,32.11,31.97,32.14,32.18,32.23,32.16,32,34.32,34.1,33.33,33.75,34.31,33.33,32.77,33.02,34.25,33.07,33.36,32.86,32.65,32.25,31.87,31.87,32.61,31.91,31.4,31.77
32.25,32.13,31.97,32.15,32.21,32.23,32.15,31.98,34.33,34.17,33.38,33.79,34.36,33.33,32.83,33.02,34.52,33.08,33.33,32.86,32.65,32.2,31.94,31.88,32.6,31.93,31.47,31.8
32.39,32.14,31.96,32.15,32.21,32.23,32.15,31.96,34.33,34.22,33.43,34.13,34.4,33.35,32.86,33.02,34.61,33.08,33.36,32.86,32.65,32.2,32,31.92,32.65,31.92,31.45,31.82
32.39,32.12,31.98,32.14,32.23,32.23,32.15,31.98,34.32,34.28,33.46,34.5,34.43,33.36,32.9,33.02,34.69,33.11,33.39,32.85,32.65,32.2,32.04,31.97,32.66,31.93,31.39,31.85
32.36,32.12,31.98,32.16,32.33,32.24,32.14,32.01,34.32,34.34,33.48,34.69,34.48,33.36,32.96,33.02,34.61,33.14,33.47,32.84,32.64,32.2,32.08,32.02,32.66,32.03,31.31,31.87
32.33,32.19,32.04,32.18,32.4,32.23,32.16,32.02,34.31,34.4,33.49,34.87,34.58,33.38,33,33.05,34.44,33.15,33.59,32.84,32.64,32.2,32.1,32.05,32.69,32.1,31.31,31.88
32.3,32.22,32.05,32.18,32.31,32.23,32.19,32.01,34.31,34.45,33.54,34.98,34.65,33.39,33.02,33.08,34.23,33.18,33.67,32.83,32.62,32.2,32.15,32.08,32.69,32.18,31.32,31.9
32.3,32.29,32.05,32.16,32.21,32.23,32.18,31.99,34.32,34.42,33.73,35.01,34.72,33.39,33.02,33.1,34.02,33.2,33.72,32.83,32.62,32.2,32.2,32.09,32.7,32.23,31.31,31.92
32.3,32.65,32.04,32.14,32.32,32.23,32.16,32.03,34.32,34.37,33.71,35.01,34.77,33.4,33.05,33.12,33.82,33.22,33.69,32.84,32.61,32.17,32.25,32.11,32.7,32.29,31.3,31.95
32.3,33.04,32.03,32.13,32.32,32.23,32.17,32.05,34.31,34.36,33.7,34.99,34.77,33.42,33.06,33.14,33.65,33.22,33.64,32.84,32.59,32.15,32.28,32.13,32.7,32.47,31.32,31.99
32.4,33,32.09,32.23,32.29,32.22,32.23,32.19,34.3,34.37,33.68,34.94,34.75,33.46,33.05,33.15,33.4,33.24,33.6,32.84,32.57,32.25,32.34,32.15,32.71,32.66,31.37,32.02
32.49,32.96,32.13,32.33,32.39,32.21,32.28,32.27,34.27,34.41,33.65,34.85,34.73,33.53,33.04,33.16,33.18,33.26,33.57,32.85,32.55,32.39,32.38,32.17,32.74,32.8,31.44,32.05
32.54,32.91,32.17,32.42,32.57,32.2,32.33,32.4,34.25,34.44,33.58,34.74,34.7,33.6,33.03,33.2,32.97,33.28,33.54,32.91,32.35,32.45,32.42,32.2,32.75,32.92,31.53,32.13
32.61,32.98,32.2,32.48,32.79,32.21,32.37,32.54,34.22,34.47,33.61,34.61,34.67,33.64,33.02,33.24,32.77,33.37,33.49,33.06,32.32,32.46,32.46,32.21,32.78,33.06,31.63,32.21
32.68,32.99,32.23,32.53,32.99,32.22,32.42,32.64,34.2,34.49,33.63,34.49,34.66,33.68,32.99,33.26,32.59,33.31,33.44,33.16,32.44,32.45,32.5,32.23,32.8,33.14,31.78,32.27
32.76,32.93,32.25,32.56,33.12,32.22,32.46,32.76,34.17,34.5,33.64,34.47,34.67,33.71,32.97,33.32,32.43,33.12,33.42,33.25,32.45,32.43,32.52,32.25,32.81,33.18,31.86,32.33
32.84,32.95,32.27,32.59,33.18,32.23,32.5,32.88,34.16,34.51,33.65,34.34,34.68,33.73,32.94,33.37,32.28,33.11,33.42,33.33,32.47,32.42,32.56,32.26,32.82,33.28,31.85,32.44
32.9,32.95,32.32,32.65,33.26,32.25,32.53,33.02,34.14,34.51,33.65,34.17,34.68,33.76,32.94,33.36,32.27,33.13,33.4,33.26,32.42,32.4,32.6,32.28,32.83,33.32,31.9,32.51
32.96,32.9,32.35,32.71,33.42,32.25,32.56,33.14,34.13,34.53,33.64,34.01,34.68,33.78,32.96,33.37,32.23,33.15,33.4,33.27,32.41,32.36,32.63,32.31,32.85,33.38,31.94,32.51
33.01,32.88,32.42,32.8,33.54,32.26,32.59,33.23,34.16,34.59,33.63,33.87,34.68,33.8,33,33.37,32.17,33.21,33.41,33.33,32.41,32.33,32.65,32.33,32.85,33.4,32.01,32.59
33.05,32.95,32.48,32.88,33.72,32.28,32.62,33.31,34.17,34.58,33.68,33.7,34.68,33.81,33.06,33.39,32.13,33.32,33.42,33.5,32.4,32.34,32.69,32.41,32.91,33.43,32.09,32.64
33.09,32.96,32.53,32.95,34.07,32.31,32.64,33.38,34.17,34.5,33.72,33.59,34.69,33.82,33.11,33.43,32.14,33.4,33.48,33.6,32.38,32.34,32.73,32.44,32.97,33.46,32.16,32.68
33.12,32.96,32.56,33.02,34.21,32.36,32.66,33.44,34.16,34.48,33.76,33.6,34.7,33.83,33.17,33.44,32.14,33.46,33.59,33.6,32.37,32.34,32.76,32.46,33.03,33.51,32.3,32.72
33.15,32.89,32.59,33.07,34.26,32.42,32.67,33.48,34.16,34.47,33.79,33.6,34.71,33.85,33.21,33.44,32.14,33.54,33.65,33.71,32.36,32.32,32.79,32.48,33.15,33.57,32.39,32.78
33.17,32.85,32.63,33.14,34.28,32.5,32.69,33.51,34.19,34.48,33.82,33.61,34.73,33.86,33.26,33.43,32.09,33.47,33.71,33.8,32.34,32.31,32.8,32.49,33.22,33.63,32.46,32.85
33.19,32.97,32.67,33.17,34.25,32.57,32.69,33.55,34.2,34.49,33.84,33.62,34.75,33.87,33.3,33.44,32.06,33.3,33.77,33.91,32.32,32.31,32.82,32.5,33.26,33.65,32.53,32.89
33.21,33.3,32.72,33.21,34.25,32.59,32.69,33.58,34.22,34.47,33.85,33.67,34.72,33.89,33.33,33.46,32.03,33.2,33.78,33.91,32.31,32.33,32.84,32.51,33.28,33.65,32.58,32.95
33.22,33.39,32.75,33.25,34.22,32.65,32.69,33.61,34.26,34.5,33.89,33.69,34.7,33.91,33.38,33.47,32.05,33.1,33.77,33.91,32.3,32.38,32.87,32.52,33.29,33.65,32.62,32.98
33.23,33.27,32.78,33.28,34.23,32.84,32.73,33.64,34.3,34.63,33.94,33.69,34.72,33.95,33.5,33.49,32.09,33.04,33.78,33.86,32.29,32.41,32.91,32.54,33.3,33.65,32.67,32.99
33.25,33.23,32.81,33.31,34.22,33.01,32.82,33.65,34.33,34.57,33.99,33.72,34.76,33.99,33.63,33.49,32.1,33.19,33.77,33.94,32.27,32.46,32.95,32.57,33.32,33.63,32.7,33.02
33.28,33.26,32.84,33.34,34.19,33.12,32.91,33.65,34.34,34.62,34.05,33.76,34.77,34.05,33.66,33.49,32.19,33.46,33.78,33.9,32.27,32.52,33.03,32.59,33.34,33.65,32.73,33.06
33.31,33.22,32.88,33.39,34.14,33.23,32.99,33.71,34.35,34.71,34.08,33.97,34.76,34.15,33.64,33.5,32.25,33.74,33.61,33.78,32.25,32.52,33.18,32.61,33.35,33.66,32.75,33.15
33.33,33.14,32.9,33.44,34.09,33.32,33.11,33.77,34.36,34.7,34.1,33.9,34.77,34.2,33.62,33.5,32.31,33.85,33.5,33.64,32.23,32.62,33.25,32.67,33.39,33.67,32.77,33.18
33.35,33.14,32.93,33.5,34.09,33.41,33.37,33.84,34.35,34.68,34.13,33.82,34.77,34.24,33.61,33.5,32.37,33.85,33.6,33.47,32.2,32.7,33.3,32.88,33.45,33.69,32.8,33.19
33.36,33.12,32.98,33.52,34.06,33.49,33.47,33.89,34.35,34.7,34.16,33.8,34.78,34.27,33.56,33.49,32.44,33.97,33.63,33.42,32.19,32.74,33.33,32.95,33.54,33.69,32.85,33.16
33.39,33.19,33.07,33.56,34.04,33.62,33.55,33.94,34.35,34.72,34.19,33.85,34.81,34.3,33.56,33.48,32.49,34.05,33.67,33.37,32.17,32.76,33.37,32.98,33.64,33.68,32.92,33.09
33.4,33.21,33.17,33.59,34.06,33.72,33.62,33.98,34.35,34.72,34.21,33.89,34.8,34.33,33.52,33.47,32.52,34.12,33.64,33.32,32.16,32.82,33.39,32.99,33.72,33.68,32.97,33.09
33.42,33.22,33.3,33.62,34.06,33.82,33.67,34.01,34.36,34.73,34.24,33.92,34.79,34.35,33.48,33.46,32.55,34.09,33.57,33.27,32.15,32.86,33.43,32.98,33.78,33.67,33.02,33.12
33.44,33.22,33.37,33.63,34.06,33.9,33.7,34.04,34.36,34.72,34.26,33.95,34.77,34.37,33.55,33.46,32.56,34.03,33.59,33.18,32.14,32.89,33.46,32.97,33.78,33.66,33.02,33.14
33.47,33.17,33.42,33.68,34.02,33.97,33.74,34.06,34.35,34.71,34.3,33.97,34.74,34.41,33.62,33.45,32.58,33.95,33.6,33.2,32.12,32.93,33.47,32.97,33.77,33.66,33.03,33.16
33.51,33.22,33.49,33.74,34.06,34.04,33.78,34.09,34.37,34.69,34.35,33.98,34.71,34.44,33.59,33.43,32.61,33.85,33.68,33.33,32.1,32.96,33.49,32.97,33.73,33.66,33.05,33.17
33.53,33.26,33.55,33.78,34.11,34.11,33.81,34.11,34.38,34.65,34.41,33.99,34.7,34.44,33.55,33.44,32.75,33.73,33.74,33.4,32.08,33.04,33.49,32.97,33.7,33.67,33.07,33.18
33.56,33.32,33.61,33.82,34.18,34.18,33.84,34.15,34.39,34.63,34.43,34,34.71,34.45,33.5,33.45,33,33.63,33.78,33.47,32.05,33.09,33.5,32.97,33.66,33.68,33.06,33.2
33.58,33.37,33.68,33.86,34.24,34.28,33.87,34.18,34.39,34.61,34.41,34.02,34.72,34.47,33.43,33.45,33.07,33.58,33.76,33.47,32.02,33.13,33.5,32.98,33.63,33.67,33.05,33.23
33.6,33.41,33.78,33.89,34.28,34.49,33.89,34.2,34.39,34.59,34.39,34.05,34.72,34.52,33.42,33.47,33.02,33.52,33.75,33.44,32.03,33.17,33.5,32.99,33.66,33.67,33.06,33.26
33.63,33.43,33.84,33.92,34.31,34.68,33.91,34.22,34.39,34.6,34.37,34.1,34.71,34.6,33.41,33.48,32.94,33.46,33.73,33.4,32.05,33.2,33.5,33.02,33.68,33.67,33.07,33.29
33.65,33.49,33.9,33.95,34.35,34.73,33.93,34.23,34.39,34.64,34.35,34.15,34.69,34.62,33.39,33.47,32.86,33.47,33.71,33.33,32.09,33.25,33.53,33.05,33.7,33.68,33.1,33.31
33.67,33.53,33.98,33.98,34.4,34.73,33.96,34.25,34.39,34.66,34.36,34.2,34.7,34.63,33.39,33.45,32.84,33.68,33.68,33.25,32.13,33.3,33.55,33.08,33.73,33.7,33.13,33.32
33.68,33.56,34.05,33.99,34.45,34.75,34,34.29,34.39,34.7,34.36,34.23,34.71,34.67,33.39,33.45,32.98,33.57,33.66,33.14,32.14,33.33,33.55,33.1,33.76,33.71,33.18,33.33
33.7,33.65,34.1,34.02,34.5,34.76,34.02,34.35,34.39,34.73,34.38,34.27,34.75,34.72,33.4,33.45,32.98,33.74,33.61,33.03,32.15,33.35,33.55,33.13,33.77,33.72,33.18,33.34
33.74,33.77,34.14,34.05,34.52,34.74,34.03,34.43,34.41,34.76,34.39,34.29,34.8,34.75,33.42,33.46,33.03,33.74,33.56,32.97,32.16,33.39,33.55,33.16,33.84,33.73,33.24,33.35
33.78,33.88,34.17,34.08,34.53,34.72,34.03,34.49,34.46,34.79,34.4,34.32,34.79,34.73,33.43,33.47,33.05,33.74,33.43,32.97,32.15,33.42,33.57,33.2,33.85,33.74,33.26,33.39
33.85,34,34.21,34.1,34.53,34.68,34.04,34.5,34.48,34.81,34.42,34.34,34.78,34.73,33.47,33.48,33.08,33.7,33.43,32.94,32.14,33.43,33.59,33.33,33.86,33.74,33.27,33.43
33.9,34.1,34.26,34.12,34.53,34.63,34.05,34.51,34.49,34.83,34.45,34.36,34.73,34.74,33.49,33.63,33.11,33.64,33.49,33.02,32.13,33.45,33.6,33.41,33.87,33.75,33.28,33.45
33.95,34.21,34.28,34.14,34.55,34.61,34.06,34.53,34.5,34.81,34.45,34.38,34.74,34.75,33.51,33.67,33.2,33.58,33.56,33.07,32.11,33.46,33.62,33.5,33.92,33.76,33.29,33.46
33.98,34.3,34.31,34.15,34.53,34.61,34.07,34.55,34.51,34.83,34.43,34.4,34.81,34.76,33.53,33.69,33.27,33.6,33.58,33.12,32.1,33.5,33.64,33.57,33.9,33.76,33.3,33.48
34.01,34.38,34.34,34.15,34.54,34.59,34.07,34.56,34.54,34.83,34.39,34.42,34.79,34.76,33.55,33.7,33.27,33.63,33.67,33.14,32.09,33.56,33.66,33.64,33.9,33.76,33.31,33.49
34.04,34.45,34.37,34.15,34.57,34.58,34.06,34.57,34.56,34.83,34.35,34.45,34.78,34.76,33.57,33.75,33.27,33.65,33.77,33.15,32.08,33.88,33.67,33.78,33.9,33.77,33.32,33.5
34.06,34.49,34.38,34.15,34.61,34.58,34.05,34.57,34.57,34.87,34.35,34.47,34.77,34.76,33.59,33.76,33.26,33.66,33.97,33.19,32.08,34.2,33.68,33.85,33.9,33.77,33.32,33.51
34.08,34.53,34.4,34.16,34.64,34.59,34.06,34.57,34.57,34.84,34.35,34.48,34.76,34.76,33.62,33.77,33.25,33.65,33.96,33.26,32.14,34.16,33.68,34.04,33.91,33.77,33.3,33.51
34.09,34.56,34.43,34.19,34.62,34.58,34.08,34.56,34.57,34.82,34.35,34.51,34.74,34.75,33.63,33.78,33.23,33.66,33.9,33.33,32.15,34.04,33.68,34.28,33.91,33.77,33.35,33.51
34.11,34.64,34.46,34.22,34.58,34.61,34.09,34.56,34.58,34.8,34.35,34.52,34.71,34.74,33.65,33.8,33.23,33.66,33.78,33.39,32.16,34,33.68,34.43,33.9,33.77,33.37,33.53
34.12,34.69,34.47,34.3,34.59,34.65,34.1,34.55,34.57,34.82,34.35,34.55,34.72,34.74,33.68,33.82,33.35,33.65,33.68,33.44,32.16,33.97,33.68,34.47,33.91,33.77,33.38,33.57
34.13,34.68,34.47,34.35,34.59,34.67,34.1,34.54,34.58,34.85,34.35,34.57,34.74,34.73,33.71,33.83,33.44,33.67,33.76,33.49,32.16,33.97,33.68,34.42,34.02,33.77,33.39,33.59
34.13,34.68,34.47,34.39,34.59,34.69,34.09,34.54,34.6,34.82,34.35,34.57,34.75,34.75,33.73,33.82,33.52,33.68,33.76,33.53,32.16,34,33.68,34.32,33.97,33.7,33.39,33.6
34.14,34.68,34.47,34.42,34.59,34.71,34.1,34.54,34.69,34.81,34.36,34.58,34.76,34.76,33.75,33.82,33.59,33.7,33.88,33.57,32.23,34.02,33.68,34.2,33.93,33.7,33.38,33.6
34.17,34.66,34.48,34.44,34.59,34.73,34.1,34.57,34.73,34.83,34.36,34.59,34.78,34.76,33.77,33.87,33.67,33.72,33.91,33.61,32.41,34.02,33.68,34.04,33.89,33.76,33.36,33.61
34.18,34.66,34.49,34.45,34.59,34.75,34.1,34.61,34.75,34.85,34.36,34.6,34.79,34.77,33.78,33.89,33.71,33.73,33.95,33.67,32.51,34.02,33.68,33.9,33.9,33.78,33.37,33.61
34.19,34.69,34.49,34.45,34.58,34.7,34.1,34.63,34.75,34.83,34.37,34.61,34.8,34.75,33.78,33.9,33.77,33.75,33.97,33.72,32.55,34,33.67,33.84,33.92,33.8,33.36,33.61
34.22,34.69,34.49,34.47,34.63,34.64,34.1,34.64,34.76,34.81,34.38,34.61,34.81,34.73,33.79,33.91,33.81,33.76,33.98,33.76,32.59,34,33.65,33.77,33.95,33.82,33.35,33.61
34.23,34.69,34.49,34.49,34.67,34.65,34.12,34.65,34.77,34.81,34.4,34.58,34.81,34.7,33.79,33.91,33.82,33.77,33.98,33.87,32.66,34,33.63,33.72,33.9,33.84,33.36,33.6
34.24,34.67,34.5,34.51,34.7,34.65,34.12,34.66,34.77,34.79,34.43,34.56,34.82,34.67,33.8,33.91,33.82,33.76,33.98,33.94,32.73,33.99,33.61,33.7,33.88,33.86,33.35,33.6
34.24,34.64,34.51,34.52,34.73,34.65,34.12,34.68,34.78,34.76,34.44,34.57,34.82,34.64,33.83,33.91,33.82,33.76,33.97,34.15,32.75,33.97,33.59,33.71,33.85,33.87,33.35,33.59
34.24,34.67,34.5,34.53,34.76,34.65,34.12,34.69,34.77,34.79,34.46,34.55,34.82,34.62,33.84,33.91,33.81,33.75,33.96,33.92,32.94,33.96,33.57,33.75,33.85,33.89,33.34,33.58
34.24,34.68,34.5,34.55,34.74,34.65,34.11,34.69,34.77,34.81,34.47,34.55,34.82,34.59,33.85,33.91,33.81,33.75,33.96,33.74,33.06,33.99,33.55,33.75,33.91,33.88,33.33,33.57
34.24,34.69,34.5,34.56,34.72,34.65,34.1,34.7,34.78,34.83,34.48,34.55,34.82,34.59,33.87,33.95,33.8,33.75,33.95,33.57,33.13,34,33.52,33.75,33.95,33.88,33.32,33.59
34.25,34.7,34.5,34.58,34.69,34.64,34.1,34.7,34.86,34.83,34.49,34.54,34.82,34.58,33.87,34,33.8,33.75,33.95,33.6,33.2,34.01,33.5,33.74,33.97,33.85,33.33,33.59
34.25,34.7,34.5,34.61,34.67,34.65,34.11,34.71,34.85,34.89,34.49,34.53,34.81,34.57,33.87,34.05,33.78,33.75,33.94,33.63,33.27,34.02,33.47,33.71,33.98,33.87,33.33,33.58
34.24,34.7,34.5,34.63,34.65,34.65,34.11,34.71,34.84,34.95,34.5,34.52,34.81,34.57,33.87,34.08,33.76,33.75,33.91,33.65,33.34,34.02,33.44,33.68,33.99,33.87,33.35,33.58
34.24,34.7,34.5,34.65,34.64,34.65,34.11,34.78,34.84,34.92,34.5,34.51,34.81,34.56,33.86,34.09,33.76,33.78,33.87,33.66,33.39,34.02,33.4,33.68,33.99,33.82,33.36,33.58
34.24,34.7,34.49,34.67,34.62,34.64,34.11,34.91,34.83,34.93,34.5,34.5,34.8,34.56,33.85,34.09,33.78,33.77,33.82,33.69,33.42,34.02,33.38,33.68,34,33.8,33.36,33.57
34.23,34.69,34.49,34.69,34.6,34.64,34.1,35,34.83,34.92,34.51,34.49,34.79,34.55,33.84,34.09,33.77,33.78,33.79,33.72,33.48,34,33.36,33.68,34.05,33.8,33.36,33.57
34.23,34.68,34.49,34.7,34.61,34.64,34.09,34.91,34.83,34.91,34.51,34.48,34.78,34.54,33.83,34.07,33.76,33.78,33.78,33.73,33.54,34,33.35,33.68,34.03,33.8,33.35,33.57
34.22,34.67,34.48,34.71,34.63,34.65,34.08,34.83,34.83,34.9,34.51,34.48,34.78,34.52,33.82,34.06,33.73,33.79,33.76,33.75,33.58,33.99,33.33,33.66,33.97,33.78,33.34,33.57
34.22,34.66,34.48,34.71,34.65,34.63,34.07,34.94,34.83,34.88,34.52,34.48,34.8,34.5,33.81,34.03,33.73,33.79,33.74,33.76,33.67,33.96,33.31,33.64,33.9,33.78,33.33,33.56
34.21,34.66,34.47,34.71,34.66,34.612,34.06,34.98,34.83,34.86,34.53,34.47,34.8,34.48,33.79,34.03,33.74,33.78,33.72,33.77,33.7,33.95,33.29,33.64,33.9,33.78,33.32,33.56
34.2,34.69,34.47,34.71,34.66,34.65,34.06,34.97,34.83,34.85,34.52,34.48,34.79,34.46,33.78,34.02,33.75,33.77,33.71,33.78,33.73,33.94,33.26,33.64,33.9,33.78,33.31,33.55
34.19,34.73,34.46,34.7,34.67,34.68,34.05,34.96,34.84,34.91,34.54,34.49,34.78,34.44,33.76,34.02,33.74,33.76,33.7,33.78,33.76,33.92,33.24,33.64,33.89,33.8,33.3,33.55
34.18,34.74,34.45,34.69,34.71,34.72,34.05,34.95,34.85,34.93,34.58,34.49,34.78,34.42,33.74,34.02,33.75,33.75,33.7,33.78,33.79,33.91,33.22,33.68,33.87,33.81,33.28,33.55
34.17,34.74,34.45,34.68,34.69,34.72,34.04,34.98,34.86,34.94,34.56,34.48,34.77,34.4,33.72,34.01,33.74,33.72,33.68,33.78,33.79,33.9,33.2,33.68,33.87,33.82,33.26,33.55
34.16,34.73,34.44,34.67,34.69,34.72,34.03,34.99,34.87,34.94,34.55,34.48,34.77,34.38,33.7,34,33.72,33.71,33.66,33.76,33.78,33.88,33.18,33.72,33.88,33.82,33.25,33.55
34.14,34.73,34.43,34.66,34.69,34.73,34.02,35,34.88,34.94,34.52,34.47,34.76,34.39,33.67,33.99,33.7,33.69,33.64,33.74,33.78,33.88,33.17,33.72,33.89,33.82,33.24,33.55
34.12,34.68,34.41,34.66,34.68,34.74,34.01,34.99,34.89,34.94,34.53,34.46,34.75,34.4,33.64,33.97,33.7,33.67,33.63,33.73,33.78,33.88,33.12,33.72,33.89,33.81,33.23,33.55
34.11,34.66,34.39,34.66,34.65,34.74,34,34.98,34.88,34.93,34.54,34.45,34.73,34.39,33.62,33.94,33.68,33.65,33.62,33.73,33.77,33.88,33.11,33.72,33.89,33.81,33.22,33.55
34.09,34.64,34.38,34.68,34.62,34.75,33.98,34.96,34.88,34.93,34.54,34.44,34.72,34.38,33.61,33.93,33.65,33.63,33.6,33.73,33.75,33.87,33.1,33.72,33.9,33.81,33.2,33.55
34.08,34.62,34.37,34.71,34.63,34.75,33.95,34.94,34.89,34.92,34.55,34.43,34.7,34.37,33.59,33.92,33.62,33.6,33.58,33.73,33.75,33.85,33.08,33.71,33.9,33.81,33.19,33.54
34.06,34.6,34.35,34.71,34.64,34.74,33.92,34.95,34.9,34.9,34.56,34.43,34.69,34.35,33.58,33.91,33.6,33.58,33.57,33.73,33.76,33.85,33.06,33.72,33.9,33.81,33.18,33.53
34.04,34.57,34.33,34.71,34.64,34.73,33.9,34.98,34.91,34.9,34.56,34.42,34.68,34.33,33.56,33.89,33.59,33.56,33.57,33.73,33.77,33.81,33.03,33.71,33.9,33.81,33.15,33.53
34.04,34.56,34.31,34.71,34.63,34.73,33.88,34.99,34.91,34.9,34.55,34.41,34.67,34.31,33.54,33.91,33.57,33.54,33.57,33.73,33.78,33.79,32.99,33.7,33.91,33.81,33.13,33.52
34.05,34.55,34.29,34.72,34.68,34.72,33.86,34.98,34.91,34.89,34.55,34.4,34.67,34.3,33.52,33.9,33.57,33.52,33.56,33.72,33.85,33.76,32.96,33.69,33.95,33.8,33.11,33.52
34.06,34.54,34.28,34.72,34.65,34.71,33.84,34.98,34.9,34.88,34.54,34.39,34.66,34.28,33.52,33.88,33.55,33.49,33.53,33.71,33.87,33.74,32.92,33.67,33.9,33.78,33.08,33.51
34.07,34.54,34.26,34.72,34.65,34.7,33.82,34.96,34.9,34.88,34.54,34.37,34.65,34.26,33.53,33.86,33.5,33.46,33.53,33.71,33.89,33.71,32.9,33.66,33.86,33.77,33.06,33.5
34.06,34.53,34.24,34.72,34.63,34.69,33.78,34.96,34.89,34.88,34.55,34.35,34.63,34.23,33.52,33.84,33.48,33.43,33.52,33.73,33.9,33.68,32.9,33.64,33.84,33.77,33.04,33.49
34.05,34.53,34.22,34.72,34.63,34.68,33.74,34.98,34.89,34.87,34.54,34.34,34.61,34.2,33.51,33.82,33.48,33.42,33.51,33.81,33.87,33.66,32.87,33.62,33.77,33.76,33.01,33.48
34.04,34.52,34.2,34.72,34.63,34.66,33.71,34.97,34.89,34.86,34.54,34.33,34.6,34.17,33.5,33.79,33.45,33.41,33.49,33.86,33.86,33.63,32.84,33.61,33.73,33.75,32.99,33.47
34.03,34.51,34.18,34.72,34.63,34.66,33.68,34.97,34.89,34.87,34.54,34.32,34.58,34.16,33.47,33.77,33.46,33.39,33.48,33.87,33.87,33.61,32.81,33.59,33.67,33.74,32.97,33.46
34.02,34.5,34.15,34.75,34.63,34.65,33.67,34.96,34.89,34.88,34.53,34.3,34.58,34.14,33.45,33.75,33.47,33.37,33.47,33.88,33.83,33.6,32.77,33.58,33.64,33.73,32.99,33.46
34,34.49,34.13,34.77,34.63,34.64,33.66,34.94,34.88,34.88,34.52,34.29,34.56,34.12,33.44,33.72,33.48,33.34,33.46,33.88,33.8,33.59,32.75,33.56,33.6,33.71,33,33.44
33.99,34.47,34.11,34.76,34.62,34.64,33.63,34.94,34.87,34.88,34.51,34.27,34.53,34.12,33.41,33.69,33.46,33.31,33.44,33.88,33.76,33.58,32.71,33.54,33.56,33.7,33.01,33.43
33.98,34.45,34.09,34.76,34.61,34.63,33.61,34.96,34.86,34.88,34.5,34.25,34.51,34.1,33.39,33.66,33.46,33.29,33.42,33.88,33.73,33.55,32.69,33.52,33.51,33.68,33.01,33.41
33.97,34.43,34.06,34.76,34.59,34.62,33.59,34.95,34.85,34.87,34.5,34.23,34.49,34.07,33.36,33.64,33.45,33.29,33.39,33.87,33.72,33.52,32.68,33.49,33.49,33.66,32.99,33.39
33.96,34.42,34.04,34.75,34.57,34.61,33.58,34.94,34.83,34.91,34.49,34.21,34.46,34.05,33.34,33.62,33.43,33.25,33.36,33.86,33.72,33.49,32.66,33.47,33.45,33.64,32.98,33.38
33.95,34.4,34.02,34.74,34.55,34.6,33.56,34.93,34.8,34.92,34.48,34.19,34.44,34.04,33.31,33.59,33.4,33.23,33.33,33.85,33.71,33.46,32.64,33.44,33.42,33.62,32.96,33.36
33.93,34.38,33.99,34.73,34.54,34.58,33.54,34.92,34.8,34.93,34.47,34.17,34.41,34.02,33.29,33.56,33.39,33.2,33.28,33.84,33.7,33.42,32.62,33.41,33.4,33.61,32.94,33.33
33.91,34.35,33.96,34.72,34.53,34.57,33.52,34.92,34.78,34.92,34.46,34.15,34.39,33.99,33.27,33.54,33.4,33.17,33.25,33.82,33.69,33.38,32.59,33.39,33.38,33.59,32.92,33.31
33.89,34.32,33.93,34.71,34.52,34.55,33.49,34.91,34.77,34.91,34.45,34.12,34.36,33.97,33.25,33.51,33.43,33.15,33.25,33.81,33.68,33.35,32.55,33.37,33.36,33.57,32.9,33.29
33.85,34.29,33.9,34.7,34.49,34.54,33.47,34.9,34.76,34.9,34.45,34.09,34.33,33.94,33.4,33.47,33.41,33.1,33.22,33.79,33.68,33.32,32.53,33.33,33.34,33.56,32.89,33.28
33.81,34.26,33.87,34.69,34.48,34.52,33.46,34.89,34.75,34.88,34.45,34.07,34.31,33.91,33.43,33.44,33.41,33.07,33.19,33.77,33.67,33.28,32.51,33.32,33.32,33.54,32.87,33.26
33.76,34.23,33.84,34.68,34.45,34.49,33.44,34.88,34.73,34.86,34.45,34.05,34.28,33.88,33.42,33.4,33.4,33.03,33.15,33.74,33.65,33.24,32.49,33.3,33.3,33.52,32.85,33.23
33.73,34.2,33.81,34.7,34.43,34.47,33.43,34.86,34.72,34.84,34.44,34.03,34.26,33.86,33.41,33.36,33.39,32.99,33.12,33.72,33.63,33.21,32.46,33.28,33.28,33.5,32.83,33.19
33.71,34.17,33.78,34.71,34.41,34.45,33.41,34.82,34.71,34.82,34.43,34,34.23,33.84,33.4,33.32,33.39,32.95,33.09,33.69,33.61,33.16,32.43,33.25,33.26,33.48,32.81,33.15
33.69,34.14,33.76,34.72,34.39,34.44,33.39,34.75,34.69,34.8,34.42,33.98,34.2,33.82,33.38,33.29,33.37,32.91,33.05,33.67,33.59,33.13,32.4,33.22,33.23,33.47,32.79,33.12
33.67,34.11,33.74,34.72,34.37,34.42,33.37,34.72,34.75,34.79,34.41,33.95,34.17,33.8,33.37,33.25,33.35,32.87,33.02,33.65,33.57,33.1,32.37,33.19,33.21,33.45,32.76,33.09
33.64,34.09,33.71,34.72,34.36,34.4,33.36,34.68,34.78,34.77,34.4,33.93,34.13,33.77,33.35,33.22,33.34,32.84,32.97,33.62,33.55,33.06,32.34,33.16,33.18,33.43,32.74,33.06
33.62,34.06,33.68,34.71,34.34,34.37,33.34,34.66,34.76,34.76,34.41,33.9,34.1,33.74,33.33,33.18,33.32,32.79,32.92,33.59,33.52,33.03,32.32,33.12,33.15,33.41,32.71,33.02
33.6,34.03,33.66,34.7,34.33,34.34,33.32,34.64,34.76,34.74,34.41,33.87,34.07,33.71,33.31,33.15,33.3,32.76,32.88,33.55,33.49,32.98,32.28,33.08,33.12,33.35,32.67,32.98
33.58,34,33.63,34.69,34.32,34.31,33.31,34.62,34.75,34.74,34.4,33.85,34.05,33.68,33.29,33.12,33.28,32.73,32.85,33.52,33.46,32.96,32.25,33.04,33.1,33.35,32.64,32.95
33.56,33.97,33.6,34.67,34.3,34.28,33.3,34.6,34.74,34.73,34.39,33.82,34.02,33.65,33.34,33.09,33.26,32.69,32.81,33.49,33.43,32.93,32.24,33,33.07,33.33,32.6,32.92
33.53,33.94,33.57,34.65,34.28,34.26,33.28,34.59,34.73,34.71,34.37,33.8,34,33.62,33.34,33.05,33.24,32.64,32.78,33.46,33.41,32.9,32.21,32.96,33.04,33.31,32.55,32.89
33.5,33.91,33.54,34.64,34.26,34.23,33.26,34.57,34.73,34.7,34.36,33.77,33.98,33.59,33.34,33.02,33.21,32.6,32.74,33.43,33.37,32.87,32.18,32.93,33.02,33.29,32.51,32.86
33.47,33.88,33.52,34.62,34.24,34.2,33.23,34.55,34.72,34.68,34.35,33.74,33.96,33.56,33.32,32.99,33.19,32.55,32.69,33.4,33.33,32.83,32.15,32.88,33,33.26,32.48,32.83
33.43,33.85,33.49,34.6,34.21,34.17,33.2,34.53,34.72,34.65,34.33,33.71,33.93,33.52,33.3,32.96,33.16,32.51,32.65,33.36,33.3,32.8,32.12,32.82,32.97,33.24,32.48,32.8
33.4,33.82,33.46,34.58,34.2,34.14,33.17,34.51,34.72,34.63,34.31,33.68,33.9,33.48,33.28,32.93,33.13,32.47,32.6,33.33,33.26,32.76,32.12,32.8,32.93,33.21,32.48,32.76
33.37,33.79,33.43,34.57,34.19,34.11,33.14,34.49,34.73,34.61,34.3,33.66,33.87,33.45,33.26,32.9,33.1,32.43,32.56,33.29,33.21,32.73,32.07,32.76,32.9,33.18,32.47,32.72
33.34,33.76,33.4,34.56,34.17,34.09,33.12,34.47,34.72,34.59,34.29,33.64,33.84,33.42,33.25,32.87,33.08,32.38,32.52,33.26,33.17,32.71,32.05,32.72,32.87,33.16,32.45,32.68
33.31,33.73,33.37,34.57,34.15,34.06,33.09,34.45,34.71,34.57,34.27,33.62,33.81,33.41,33.23,32.84,33.05,32.33,32.48,33.22,33.14,32.66,32.02,32.68,32.84,33.13,32.42,32.64
33.28,33.7,33.34,34.54,34.12,34.04,33.07,34.43,34.71,34.55,34.24,33.58,33.77,33.38,33.21,32.81,33.02,32.38,32.44,33.18,33.11,32.62,31.95,32.64,32.81,33.1,32.4,32.6
33.25,33.67,33.31,34.51,34.09,34.01,33.05,34.41,34.71,34.53,34.22,33.55,33.72,33.34,33.18,32.78,33,32.23,32.41,33.14,33.08,32.6,31.88,32.6,32.78,33.07,32.37,32.56
33.22,33.63,33.28,34.49,34.09,33.99,33.03,34.39,34.71,34.51,34.2,33.52,33.68,33.3,33.15,32.75,32.97,32.18,32.37,33.1,33.07,32.56,31.81,32.56,32.75,33.03,32.34,32.52
33.18,33.6,33.25,34.47,34.07,33.96,33,34.37,34.71,34.48,34.17,33.49,33.64,33.29,33.11,32.72,32.95,32.13,32.34,33.05,33.05,32.53,31.76,32.54,32.71,32.96,32.32,32.48
33.15,33.57,33.22,34.46,34.05,33.93,32.98,34.35,34.7,34.46,34.15,33.46,33.61,33.28,33.06,32.69,32.92,32.09,32.32,33.01,33.02,32.49,31.7,32.51,32.69,32.93,32.29,32.45
33.12,33.54,33.19,34.46,34.03,33.9,32.95,34.33,34.69,34.44,34.12,33.42,33.58,33.27,33.02,32.68,32.9,32.03,32.3,32.98,33.01,32.44,31.66,32.52,32.66,32.9,32.26,32.41
33.09,33.5,33.16,34.46,34,33.86,32.92,34.3,34.68,34.42,34.1,33.38,33.55,33.26,32.99,32.66,32.86,31.98,32.26,32.94,33,32.4,31.63,32.52,32.62,32.85,32.23,32.37
33.05,33.47,33.13,34.45,33.98,33.83,32.89,34.27,34.67,34.41,34.07,33.35,33.51,33.26,32.96,32.64,32.84,31.93,32.33,32.9,32.96,32.37,31.58,32.52,32.59,32.8,32.2,32.33
33.02,33.43,33.11,34.44,33.95,33.8,32.86,34.25,34.65,34.39,34.03,33.31,33.46,33.24,32.93,32.61,32.81,31.87,32.19,32.86,32.93,32.33,31.53,32.5,32.55,32.76,32.17,32.3
32.99,33.4,33.14,34.42,33.92,33.77,32.83,34.23,34.63,34.37,33.99,33.27,33.42,33.21,32.89,32.58,32.78,31.82,32.14,32.82,32.9,32.3,31.49,32.47,32.52,32.73,32.14,32.26
32.96,33.37,33.14,34.4,33.9,33.76,32.82,34.2,34.61,34.35,33.95,33.23,33.37,33.18,32.84,32.54,32.76,31.78,32.1,32.76,32.86,32.25,31.44,32.44,32.5,32.7,32.11,32.21
32.93,33.34,33.12,34.38,33.88,33.75,32.8,34.17,34.59,34.37,33.93,33.2,33.34,33.16,32.81,32.51,32.73,31.7,32.06,32.71,32.82,32.2,31.4,32.41,32.48,32.67,32.09,32.17
32.9,33.3,33.1,34.36,33.85,33.72,32.77,34.15,34.57,34.39,33.9,33.18,33.3,33.14,32.78,32.47,32.72,31.68,32.02,32.67,32.82,32.16,31.36,32.39,32.43,32.63,32.06,32.14
32.87,33.29,33.09,34.34,33.82,33.69,32.74,34.12,34.55,34.38,33.87,33.16,33.26,33.12,32.75,32.45,32.71,31.67,31.98,32.63,32.78,32.12,31.31,32.36,32.4,32.6,32.03,32.1
32.83,33.26,33.08,34.32,33.8,33.66,32.71,34.09,34.53,34.36,33.84,33.13,33.22,33.11,32.71,32.42,32.7,31.59,31.94,32.58,32.71,32.08,31.26,32.31,32.38,32.57,32,32.06
32.79,33.23,33.05,34.3,33.76,33.63,32.68,34.06,34.51,34.34,33.82,33.1,33.17,33.09,32.67,32.39,32.67,31.63,31.89,32.52,32.67,32.06,31.22,32.26,32.34,32.53,31.98,32.03
32.76,33.21,33.03,34.28,33.73,33.6,32.65,34.03,34.5,34.32,33.8,33.08,33.12,33.06,32.63,32.35,32.65,31.62,31.84,32.48,32.63,32,31.18,32.25,32.31,32.5,31.97,32
32.72,33.18,33.01,34.27,33.7,33.57,32.63,34,34.49,34.3,33.77,33.06,33.08,33.04,32.58,32.31,32.63,31.58,31.79,32.43,32.59,31.94,31.14,32.21,32.29,32.47,31.88,31.96
32.68,33.14,32.99,34.25,33.67,33.54,32.62,33.97,34.47,34.28,33.74,33.03,33.04,33.02,32.53,32.27,32.61,31.6,31.74,32.37,32.55,31.88,31.09,32.18,32.26,32.45,31.84,31.93
32.64,33.11,32.97,34.23,33.64,33.51,32.6,33.95,34.45,34.25,33.71,33,33,32.99,32.49,32.23,32.58,31.57,31.7,32.32,32.5,31.83,31.04,32.16,32.23,32.42,31.8,31.89
32.61,33.1,32.95,34.21,33.61,33.49,32.57,33.92,34.44,34.23,33.68,32.97,32.95,32.97,32.47,32.19,32.56,31.53,31.66,32.27,32.46,31.8,30.99,32.13,32.27,32.39,31.75,31.85
32.57,33.07,32.93,34.2,33.58,33.47,32.55,33.89,34.42,34.21,33.65,32.94,32.91,32.94,32.44,32.16,32.5,31.51,31.61,32.22,32.43,31.77,30.92,32.1,32.39,32.36,31.7,31.82
32.54,33.04,32.99,34.19,33.55,33.43,32.53,33.86,34.4,34.18,33.62,32.92,32.86,32.91,32.4,32.12,32.48,31.49,31.56,32.17,32.38,31.74,30.8,32.07,32.29,32.32,31.66,31.79
32.53,33.01,33.08,34.18,33.52,33.4,32.51,33.84,34.39,34.15,33.59,32.89,32.82,32.86,32.37,32.08,32.46,31.46,31.49,32.12,32.35,31.7,30.8,32.64,32.11,32.29,31.62,31.75
32.5,32.99,33.2,34.18,33.49,33.37,32.49,33.82,34.37,34.12,33.57,32.86,32.79,32.83,32.34,32.04,32.44,31.44,31.43,32.06,32.31,31.65,30.74,32.02,31.99,32.3,31.8,31.71
32.47,32.96,33.2,34.16,33.45,33.34,32.46,33.8,34.36,34.11,33.54,32.83,32.75,32.8,32.35,32,32.42,31.39,31.39,32.01,32.27,31.61,30.69,31.95,31.87,32.32,31.56,31.67
32.44,32.93,33.21,34.14,33.41,33.31,32.43,33.77,34.33,34.1,33.51,32.8,32.7,32.77,32.3,31.93,32.39,31.34,31.35,31.96,32.22,31.56,30.63,31.9,31.82,32.38,31.55,31.64
32.4,32.9,33.23,34.12,33.37,33.28,32.42,33.73,34.31,34.1,33.47,32.77,32.65,32.73,32.28,31.87,32.32,31.3,31.3,31.92,32.18,31.5,30.57,31.84,31.77,32.31,31.53,31.6
32.36,32.86,33.22,34.1,33.34,33.25,32.4,33.7,34.29,34.08,33.44,32.72,32.6,32.7,32.24,31.82,32.28,31.25,31.24,31.86,32.14,31.45,30.5,31.79,31.63,32.21,31.5,31.56
32.33,32.83,33.22,34.07,33.3,33.21,32.38,33.67,34.26,34.06,33.4,32.68,32.55,32.67,32.19,31.76,32.23,31.2,31.2,31.81,32.1,31.4,30.44,31.72,31.63,32.11,31.49,31.51
32.31,32.79,33.21,34.05,33.27,33.18,32.36,33.64,34.24,34.07,33.37,32.65,32.5,32.64,32.16,31.71,32.16,31.16,31.16,31.76,32.05,31.34,30.38,31.68,31.63,32,31.47,31.47
32.27,32.76,33.19,34.04,33.24,33.14,32.35,33.61,34.22,34.07,33.33,32.61,32.46,32.61,32.12,31.66,32.12,31.11,31.11,31.72,32,31.29,30.32,31.64,31.59,31.9,31.43,31.44
32.24,32.73,33.17,34.02,33.21,33.1,32.33,33.58,34.2,34.09,33.29,32.57,32.41,32.58,32.07,31.6,32.06,31.06,31.06,31.67,31.95,31.23,30.26,31.6,31.55,31.8,31.4,31.39
32.21,32.7,33.16,34.01,33.18,33.06,32.31,33.58,34.17,34.09,33.25,32.52,32.38,32.55,32.02,31.55,32,31.01,31.01,31.62,31.9,31.17,30.2,31.56,31.55,31.72,31.35,31.35
32.17,32.67,33.14,34.01,33.14,33.02,32.28,33.57,34.15,34.08,33.21,32.48,32.34,32.53,32.01,31.5,31.94,30.96,30.96,31.58,31.86,31.11,30.15,31.53,31.5,31.65,31.32,31.31
32.14,32.64,33.12,34,33.11,32.98,32.25,33.54,34.12,34.06,33.17,32.43,32.29,32.51,32,31.47,31.88,31.09,30.91,31.52,31.81,31.06,30.1,31.5,31.45,31.65,31.29,31.25
32.12,32.61,33.1,33.99,33.08,32.94,32.22,33.51,34.1,34.04,33.14,32.38,32.24,32.48,31.94,31.43,31.82,30.86,30.86,31.4,31.76,31,30.05,31.46,31.4,31.58,31.26,31.22
32.09,32.58,33.09,33.97,33.04,32.9,32.19,33.48,34.07,34.03,33.1,32.34,32.22,32.44,31.89,31.38,31.77,30.81,30.79,31.41,31.71,30.95,30.04,31.41,31.33,31.53,31.23,31.17
32.07,32.55,33.07,33.96,33,32.86,32.16,33.45,34.04,34.02,33.06,32.3,32.19,32.4,31.82,31.33,31.7,30.76,30.74,31.38,31.66,30.88,30.01,31.41,31.26,31.49,31.25,31.12
32.03,32.54,33.06,33.93,32.96,32.82,32.14,33.42,34.01,34.01,33.02,32.26,32.15,32.37,31.76,31.25,31.64,30.72,30.7,31.34,31.61,30.82,29.97,31.41,31.23,31.46,31.24,31.07
31.99,32.61,33.05,33.9,32.93,32.79,32.11,33.39,33.97,33.99,32.98,32.22,32.11,32.35,31.7,31.22,31.59,30.65,30.64,31.33,31.56,30.75,29.92,31.37,31.18,31.41,31.22,31.02
31.95,32.65,33.05,33.88,32.9,32.76,32.09,33.36,33.93,33.97,32.92,32.19,32.06,32.33,31.62,31.17,31.54,30.58,30.6,31.3,31.52,30.69,29.88,31.27,31.11,31.38,31.2,30.97
31.91,32.66,33.09,33.88,32.86,32.72,32.06,33.32,33.9,33.95,32.87,32.16,32.02,32.29,31.55,31.11,31.48,30.51,30.55,31.26,31.46,30.63,29.87,31.17,31.03,31.35,31.17,30.92
31.87,32.66,33.12,33.88,32.83,32.69,32.03,33.29,33.88,33.92,32.82,32.13,31.97,32.26,31.49,31.08,31.41,30.43,30.51,31.21,31.43,30.59,29.87,31.06,30.95,31.31,31.14,30.88
31.84,32.65,33.13,33.87,32.8,32.65,32,33.26,33.87,33.89,32.77,32.1,31.92,32.22,31.43,31.05,31.35,30.37,30.47,31.18,31.37,30.56,29.88,30.91,30.9,31.28,31.11,30.83
31.81,32.64,33.13,33.87,32.76,32.61,31.97,33.23,33.84,33.87,32.72,32.06,31.88,32.18,31.36,31,31.29,30.33,30.55,31.13,31.31,30.52,29.89,30.8,30.83,31.24,31.08,30.75
31.78,32.62,33.12,33.87,32.73,32.57,31.95,33.2,33.82,33.84,32.67,32.02,31.82,32.14,31.29,30.97,31.23,30.31,30.59,31.08,31.26,30.48,30.49,30.61,30.76,31.2,31.06,30.73
31.74,32.6,33.11,33.87,32.7,32.53,31.92,33.16,33.8,33.81,32.62,31.98,31.77,32.1,31.22,30.93,31.18,30.27,30.62,31.03,31.21,30.4,30.49,30.54,30.73,31.15,31.01,30.67
31.72,32.58,33.1,33.87,32.67,32.49,31.89,33.12,33.77,33.79,32.56,31.94,31.73,32.06,31.17,30.92,31.12,30.21,30.73,30.99,31.15,30.46,30.4,30.45,30.7,31.13,30.96,30.61
31.69,32.56,33.09,33.85,32.63,32.46,31.86,33.08,33.74,33.77,32.51,31.91,31.68,32.02,31.11,30.89,31.11,30.15,30.79,30.94,31.1,30.44,30.27,30.35,30.66,31.12,30.93,30.58
31.66,32.55,33.08,33.82,32.59,32.45,31.83,33.04,33.71,33.75,32.47,31.91,31.63,31.97,31.05,30.84,31.08,30.09,30.85,30.9,31.05,30.38,30.15,30.21,30.61,31.09,30.9,30.54
31.63,32.55,33.07,33.8,32.56,32.43,31.8,33.02,33.68,33.72,32.42,31.92,31.58,31.93,30.98,30.79,31.03,30.05,30.91,30.86,31,30.3,30.05,30.13,30.54,31.07,30.86,30.49
31.59,32.54,33.06,33.79,32.53,32.43,31.77,33,33.65,33.7,32.37,31.9,31.55,31.88,30.92,30.74,30.98,30,30.94,30.86,30.93,30.35,29.97,30.09,30.46,31.15,30.82,30.44
31.56,32.52,33.05,33.76,32.5,32.42,31.73,32.97,33.62,33.67,32.32,31.87,31.51,31.84,30.85,30.69,30.93,29.96,30.96,30.92,30.86,30.26,29.89,30.03,30.4,31.19,30.8,30.39
31.53,32.51,33.03,33.73,32.51,32.4,31.69,32.94,33.59,33.64,32.27,31.84,31.46,31.8,30.79,30.64,30.88,29.92,30.92,30.92,30.8,30.21,29.81,29.95,30.36,31.25,30.78,30.34
31.49,32.49,33.01,33.7,32.49,32.37,31.66,32.9,33.55,33.61,32.22,31.81,31.41,31.75,30.74,30.58,30.85,29.95,30.88,30.88,30.74,30.16,29.73,29.85,30.33,31.2,30.9,30.28
31.45,32.47,32.99,33.67,32.47,32.34,31.63,32.88,33.51,33.57,32.17,31.78,31.37,31.71,30.69,30.53,30.85,29.92,30.87,30.87,30.67,30.13,29.7,29.77,30.33,31.14,30.92,30.22
31.42,32.46,32.97,33.64,32.44,32.31,31.6,32.85,33.47,33.54,32.14,31.74,31.32,31.66,30.66,30.48,30.76,29.97,30.87,30.86,30.61,30.12,29.68,29.7,30.33,31.05,30.84,30.18
31.39,32.44,32.95,33.62,32.41,32.27,31.56,32.82,33.43,33.51,32.1,31.74,31.28,31.61,30.59,30.41,30.71,29.96,30.85,30.87,30.53,30.12,29.66,29.63,30.4,30.97,30.75,30.14
31.36,32.42,32.92,33.6,32.4,32.24,31.53,32.82,33.4,33.48,32.05,32.04,31.25,31.57,30.57,30.35,30.85,29.94,30.8,30.81,30.46,30.09,29.64,29.57,30.43,30.89,30.62,30.1
31.33,32.4,32.89,33.58,32.4,32.21,31.49,32.97,33.39,33.45,32,32.08,31.22,31.53,30.52,30.29,30.86,29.91,30.78,30.8,30.38,30.05,29.61,29.55,30.41,30.8,30.49,30.1
31.29,32.37,32.87,33.56,32.4,32.18,31.46,33,33.38,33.42,31.95,32,31.17,31.5,30.48,30.23,30.85,29.87,30.75,30.79,30.32,30.01,29.75,29.64,30.5,30.72,30.35,30.07
31.26,32.35,33.04,33.55,32.38,32.15,31.43,33.08,33.39,33.38,31.9,31.91,31.12,31.47,30.43,30.18,30.81,29.84,30.71,30.81,30.22,29.98,29.77,29.6,30.55,30.63,30.2,30.03
31.22,32.32,33.07,33.53,32.36,32.12,31.39,33.13,33.54,33.37,31.85,32.03,31.07,31.43,30.37,30.12,30.8,29.78,30.64,30.81,30.15,29.93,29.77,29.56,30.4,30.52,30.06,30
31.19,32.29,33.03,33.52,32.34,32.08,31.36,33.14,33.63,33.39,31.8,32,31.02,31.4,30.32,30.06,30.81,29.74,30.6,30.8,30.11,29.89,29.76,29.5,30.24,30.42,29.95,29.95
31.15,32.26,32.98,33.45,32.31,32.05,31.33,33.3,33.65,33.38,31.76,31.93,30.97,31.37,30.26,30.03,30.81,29.69,30.53,30.78,30.05,29.85,29.74,29.44,30.05,30.32,29.86,29.92
31.12,32.24,32.86,33.39,32.28,32.02,31.3,33.41,33.65,33.37,31.71,31.84,30.93,31.44,30.2,30.01,30.8,29.6,30.47,30.76,29.99,29.8,29.73,29.38,29.85,30.22,29.78,29.88
31.08,32.22,32.74,33.31,32.25,32,31.26,33.44,33.65,33.34,31.66,31.96,30.93,31.48,30.16,29.97,30.79,29.66,30.42,30.75,29.92,29.76,29.71,29.32,29.97,30.11,29.75,29.84
31.04,32.2,32.67,33.22,32.22,32.01,31.22,33.46,33.65,33.31,31.6,32.1,30.98,31.5,30.1,29.93,30.77,29.79,30.36,30.72,29.87,29.71,29.69,29.24,30.25,30.03,29.74,29.8
31.01,32.19,32.58,33.13,32.19,31.99,31.19,33.47,33.65,33.28,31.55,32.08,30.97,31.49,30.06,29.9,30.78,30,30.31,30.7,29.82,29.68,29.67,29.18,30.67,29.93,29.77,29.76
30.97,32.17,32.51,33.06,32.17,31.96,31.15,33.48,33.64,33.26,31.49,32.01,30.96,31.49,30.01,29.99,30.78,30.13,30.25,30.69,29.75,29.74,29.63,29.13,31.29,29.83,29.73,29.72
30.93,32.16,32.49,32.98,32.16,31.95,31.12,33.48,33.63,33.24,31.44,31.94,30.94,31.5,29.95,30.25,30.72,30.2,30.2,30.68,29.7,29.72,29.62,29.11,31.98,29.73,29.82,29.76
30.89,32.15,32.49,32.9,32.18,31.94,31.09,33.48,33.61,33.2,31.39,31.86,30.92,31.5,29.9,30.28,30.65,30.26,30.17,30.64,29.59,29.68,29.6,29.1,32.09,29.63,29.85,29.83
30.87,32.13,32.49,32.87,32.19,31.94,31.05,33.47,33.59,33.18,31.35,31.8,30.9,31.53,29.85,30.39,30.57,30.29,30.16,30.63,29.5,29.62,29.57,29.1,32.11,29.65,29.84,29.95
30.84,32.12,32.49,32.81,32.18,31.96,31.01,33.47,33.57,33.15,31.29,31.74,30.87,31.55,29.79,30.43,30.53,30.3,30.14,30.61,29.41,29.56,29.54,29.1,32.15,29.61,29.87,30.04
30.81,32.11,32.48,32.75,32.26,31.98,30.97,33.46,33.55,33.12,31.25,31.69,30.86,31.56,29.75,30.43,30.5,30.38,30.1,30.61,29.33,29.5,29.51,29.15,32.05,29.59,29.79,30.06
30.78,32.09,32.52,32.68,32.29,31.97,30.96,33.46,33.53,33.09,31.19,31.7,31.02,31.61,29.74,30.42,30.47,30.45,30.09,30.59,29.3,29.43,29.48,29.17,31.84,29.57,29.72,30.07
30.76,32.08,32.49,32.6,32.31,31.95,30.93,33.45,33.53,33.06,31.13,31.76,31.09,31.74,29.7,30.42,30.46,30.62,30.11,30.57,29.45,29.36,29.44,29.18,31.59,29.55,29.67,30.08
30.73,32.06,32.44,32.53,32.58,31.92,30.89,33.44,33.53,33.09,31.08,31.87,31.13,31.72,29.65,30.57,30.49,30.72,30.16,30.55,29.43,29.29,29.41,29.23,31.29,29.53,29.64,30.1
30.7,32.07,32.4,32.44,32.8,31.9,30.85,33.42,33.48,33.09,31.04,32.32,31.19,31.63,29.61,30.76,30.74,30.76,30.33,30.52,29.43,29.24,29.37,29.43,30.91,29.55,29.61,30.11
30.67,32.08,32.33,32.4,32.76,31.88,30.9,33.39,33.38,33.06,30.99,32.52,31.2,31.74,29.58,30.82,30.8,30.79,30.48,30.49,29.41,29.2,29.34,29.55,30.53,29.58,29.58,30.13
30.63,32.07,32.27,32.37,32.86,31.87,30.97,33.38,33.28,33.03,30.93,32.87,31.2,31.98,29.52,30.91,30.81,30.83,30.6,30.48,29.36,29.18,29.43,29.57,30.17,29.59,29.57,30.14
30.6,32.06,32.22,32.33,32.88,31.84,30.97,33.37,33.19,33.01,30.89,33.2,31.19,32,29.47,30.95,30.8,30.86,30.73,30.48,29.3,29.14,29.43,29.57,29.77,29.58,29.56,30.22
30.56,32.05,32.19,32.3,32.79,31.82,31.1,33.28,33.1,32.97,30.84,33.09,31.17,32,29.47,30.97,30.77,30.88,30.54,30.45,29.27,29.1,29.45,29.57,29.23,29.59,29.57,30.38
30.52,32.04,32.16,32.26,32.73,31.79,31.22,33.16,32.99,32.96,30.78,32.84,31.18,32.05,29.47,30.99,30.72,30.9,30.3,30.43,29.3,29.06,29.54,29.55,28.97,29.61,29.57,30.47
30.49,32.03,32.13,32.23,32.72,31.76,31.25,33.03,32.88,32.96,30.73,32.59,31.19,32.07,29.57,30.97,30.69,30.92,30.04,30.41,29.34,29.03,29.61,29.52,28.87,29.68,29.57,30.58
30.46,32.02,32.1,32.21,32.55,31.73,31.24,33.01,32.77,32.95,30.69,32.38,31.25,32.08,29.61,31,30.63,30.94,30,30.4,29.35,28.99,29.65,29.5,28.8,30.02,29.57,30.61
30.42,32.01,32.08,32.17,32.38,31.72,31.23,32.99,32.66,32.95,30.63,32.09,31.4,32.3,29.75,31.12,30.57,31.19,30.07,30.38,29.34,28.96,29.67,29.48,28.72,30.1,29.6,30.78
30.39,32,32.05,32.15,32.27,31.69,31.26,33.08,32.55,32.99,30.58,31.83,31.5,32.4,30.05,31.12,30.51,31.22,30.1,30.33,29.31,28.9,29.68,29.46,28.62,30.15,29.59,30.85
30.36,31.99,32.03,32.13,32.22,31.68,31.26,33.11,32.51,33.03,30.53,31.7,31.61,32.4,30.17,31.12,30.44,31.41,30.72,30.32,29.27,28.86,29.7,29.55,28.56,30.16,29.78,30.8
30.34,31.96,32,32.11,32.27,31.7,31.28,33.08,32.42,33.05,30.47,31.58,32.08,32.38,30.25,31.19,30.35,31.5,31.46,30.37,29.25,28.83,29.74,29.6,28.56,30.15,29.82,30.72
30.31,31.95,31.97,32.24,32.24,31.75,31.43,32.97,32.34,33.11,30.41,31.4,32.29,32.43,30.3,31.23,30.28,31.51,31.44,30.42,29.25,28.79,29.74,29.67,28.56,30.07,29.85,30.66
30.29,31.95,31.93,32.29,32.31,31.77,31.53,32.81,32.28,33.23,30.37,31.2,32.45,32.41,30.34,31.26,30.21,31.38,31.29,30.45,29.28,28.79,29.76,29.38,28.56,29.98,29.8,30.57
30.27,31.96,31.89,32.29,32.33,31.79,31.61,32.63,32.33,33.21,30.32,31.01,32.55,32.36,30.35,31.28,30.14,31.48,31.05,30.46,29.33,28.76,29.78,29.07,28.63,29.83,29.71,30.46
30.25,31.97,31.86,32.28,32.3,31.8,31.64,32.47,32.35,33.14,30.26,31,32.62,32.31,30.36,31.3,30.11,31.59,30.67,30.45,29.35,28.76,29.78,29,28.71,29.73,29.7,30.31
30.23,31.98,31.83,32.25,32.36,31.78,31.66,32.32,32.36,33.07,30.2,31,32.7,32.25,30.36,31.3,30.08,31.78,30.51,30.45,29.38,28.75,29.78,28.82,28.93,29.6,29.49,30.17
30.21,32,31.81,32.26,32.38,31.8,31.66,32.26,32.37,32.99,30.15,30.98,32.88,32.2,30.36,31.28,30.04,31.9,30.27,30.37,29.51,28.72,29.78,28.75,29.02,29.5,29.43,30.03
30.19,32.02,31.79,32.28,32.33,31.83,31.69,32.34,32.37,32.92,30.1,31.01,33.03,32.16,30.37,31.28,30.03,32.02,30.35,30.35,29.7,28.7,29.78,28.73,29,29.37,29.38,29.96
30.17,32.03,31.77,32.29,32.27,31.89,31.74,32.33,32.35,32.9,30.05,31.08,33.12,32.11,30.37,31.28,30.01,32.11,30.4,30.34,29.92,28.7,29.82,28.61,28.79,29.22,29.33,29.91
30.15,32.02,31.75,32.34,32.24,31.96,31.88,32.27,32.36,32.88,30,31.15,33.22,32.01,30.38,31.33,29.97,31.94,30.38,30.32,30.24,28.78,29.83,28.65,28.97,29.09,29.3,29.84
30.13,32.04,31.74,32.32,32.19,31.99,31.93,32.17,32.36,32.87,29.94,31.21,33.47,31.91,30.39,31.44,29.97,32.3,30.35,30.3,30.52,28.8,29.87,28.71,28.94,28.95,29.38,29.84
30.11,32.05,31.73,32.38,32.14,32,31.97,32.4,32.44,32.85,29.89,31.27,33.53,31.82,30.4,31.98,29.96,32.43,30.4,30.27,30.71,28.8,29.94,28.69,28.88,28.8,29.56,29.86
30.09,32.04,31.72,32.51,32.09,31.99,32.01,32.79,32.55,32.81,29.84,31.33,33.61,31.73,30.52,32.01,29.95,32.41,30.18,30.22,30.82,28.79,29.96,28.6,28.81,28.84,29.58,29.88
30.06,32.03,31.7,32.62,32.07,31.99,32.04,32.88,32.85,32.77,29.79,31.46,33.58,31.64,31.07,32.06,29.85,32.29,29.92,30.19,30.88,28.78,30.24,28.49,28.89,28.88,29.55,29.9
30.04,32.02,31.68,32.71,32.05,32,32.08,32.82,33.09,32.73,29.73,31.48,33.54,31.57,31.31,32.4,29.85,32.15,29.85,30.13,30.94,28.77,30.57,28.42,28.91,28.9,29.4,29.91
30.01,32.01,31.66,32.67,32.03,32.1,32.11,32.76,33.12,32.68,29.68,31.55,33.45,31.5,31.41,32.78,29.93,31.98,29.8,30.09,31.03,28.79,30.74,28.39,28.93,28.91,29.25,29.92
29.98,32,31.65,32.61,32.02,32.14,32.12,32.54,33.1,32.64,29.64,31.66,33.43,31.45,31.44,32.92,29.93,31.8,29.75,30.09,31.18,28.83,30.82,28.34,28.95,28.94,29.32,29.93
29.96,32.02,31.64,32.54,32.03,32.15,32.14,32.4,32.98,32.6,29.65,31.6,33.42,31.43,31.43,33.15,29.92,31.65,29.82,30.09,31.36,28.96,30.82,28.28,29.04,28.94,29.4,29.94
29.93,32.1,31.66,32.46,32.01,32.21,32.16,32.43,32.86,32.55,29.63,31.51,33.39,31.41,31.43,33.21,29.91,31.49,29.86,30.05,31.4,29.1,30.76,28.21,29.1,28.9,29.32,30.02
29.9,32.17,31.69,32.4,32,32.26,32.24,32.73,32.74,32.51,29.64,31.51,33.38,31.39,31.61,33.26,29.91,31.71,29.9,30.03,31.4,29.31,30.79,28.28,29.15,28.86,29.15,30.07
29.87,32.08,31.78,32.49,31.99,32.28,32.34,32.74,32.6,32.47,29.62,31.54,33.36,31.39,31.71,33.34,29.89,31.92,29.93,30.02,31.38,29.7,30.8,28.34,29.19,28.82,28.98,30.02
29.84,32.02,31.78,32.74,31.97,32.3,32.42,32.67,32.47,32.44,29.59,31.65,33.33,31.4,31.85,33.41,29.87,32,29.94,30.01,31.4,29.85,30.75,28.41,29.21,28.77,28.8,30
29.84,31.99,31.82,32.7,31.95,32.32,32.47,32.51,32.37,32.47,29.56,32.22,33.31,31.41,31.82,33.42,29.86,32.04,29.95,30,31.48,29.9,30.74,28.46,29.23,28.84,28.65,30.09
29.83,31.94,31.85,32.63,31.93,32.34,32.44,32.34,32.36,32.43,29.52,32.52,33.36,31.43,31.76,33.31,29.84,32.02,29.96,30.02,31.53,29.91,30.77,28.48,29.24,28.96,28.98,30.06
29.8,31.9,31.88,32.55,31.9,32.41,32.4,32.27,32.29,32.38,29.48,32.54,33.46,31.44,31.79,33.14,29.84,31.99,29.96,30.02,31.48,29.93,30.8,28.51,29.24,29.2,28.9,30.14
29.78,31.86,31.92,32.41,31.88,32.44,32.36,32.37,32.22,32.31,29.44,32.79,33.49,31.45,31.81,33.07,29.84,31.91,29.95,30,31.38,29.87,30.8,28.52,29.28,29.18,28.86,30.18
29.75,31.86,31.95,32.44,31.86,32.47,32.29,32.44,32.29,32.33,29.4,33.11,33.48,31.46,31.78,32.96,29.83,31.8,29.92,30.01,31.29,29.75,30.8,28.53,29.35,29.05,28.92,30.05
29.73,31.87,31.98,32.42,31.85,32.47,32.26,32.38,32.45,32.41,29.36,33.19,33.46,31.47,31.84,32.86,29.82,31.7,29.92,30.02,31.18,29.61,30.82,28.53,29.77,28.86,28.97,29.78
29.72,31.87,31.98,32.4,31.84,32.57,32.21,32.31,32.5,32.59,29.34,33.1,33.43,31.51,31.98,32.72,29.81,32.59,29.91,30.02,31.18,29.52,30.83,28.54,29.7,28.87,29,29.45
29.71,31.88,31.99,32.37,31.84,32.48,32.26,32.25,32.45,32.65,29.31,32.99,33.64,31.58,32.21,33.01,29.82,33.4,29.89,30.01,31.18,29.42,30.66,28.53,29.83,28.8,29.02,29.36
29.7,31.88,32,32.34,31.83,32.32,32.3,32.26,32.43,32.54,29.28,32.92,33.67,31.66,32.32,33.08,29.84,33.8,29.86,30,31.32,29.3,30.46,28.51,29.86,28.74,29.02,29.15
29.68,31.88,32,32.32,31.83,32.29,32.3,32.23,32.4,32.47,29.24,32.92,33.56,31.66,32.6,33.06,29.84,34.29,29.82,29.98,31.32,29.26,30.3,28.5,29.84,28.74,29,29.1
29.66,31.88,32.03,32.29,31.82,32.31,32.28,32.16,32.32,32.38,29.2,32.87,33.47,31.68,32.83,32.97,29.84,34.76,29.8,29.96,31.25,29.24,30.16,28.64,29.81,29.06,29.03,29.18
29.64,31.87,32.04,32.25,31.82,32.3,32.3,32.27,32.39,32.27,29.16,33.25,33.36,31.7,32.91,32.8,29.82,34.98,29.76,29.95,31.14,29.13,29.97,28.72,29.8,29.1,29.09,29.29
29.62,31.87,32.04,32.2,31.82,32.28,32.29,32.44,32.85,32.21,29.13,33.21,33.25,31.71,32.89,32.61,29.82,35.05,29.74,29.92,31,29.04,29.8,28.82,29.8,29.38,29.12,29.33
29.62,31.86,32.05,32.18,31.81,32.27,32.28,32.7,33,32.17,29.09,33.31,33.09,31.72,32.83,32.36,29.81,35.55,29.7,29.91,30.87,28.91,29.85,28.68,29.76,29.85,29.14,29.24
29.64,31.86,32.05,32.16,31.81,32.25,32.26,33.18,33.04,32.08,29.06,33.57,32.97,31.73,32.75,32.1,29.8,35.44,29.66,29.89,30.76,28.8,29.93,28.48,29.78,30.07,29.15,29.25
29.67,31.86,32.05,32.15,31.8,32.21,32.25,33.08,33,31.93,29.07,34.16,32.8,31.73,32.66,31.83,29.78,35.15,29.71,29.88,30.64,28.86,30,28.68,29.7,30.1,29.2,29.33
30.04,31.85,32.05,32.14,31.79,32.19,32.25,32.84,32.92,31.74,29.08,34.28,32.73,31.74,32.51,31.61,29.78,34.82,29.76,29.89,30.63,28.79,30.04,28.79,29.71,30.07,29.23,29.36
30.34,31.85,32.05,32.12,31.78,32.16,32.23,32.59,32.76,31.7,29.06,34.19,32.67,31.76,32.33,31.44,29.76,34.48,29.8,29.89,30.82,28.79,30.07,28.86,29.72,29.93,29.25,29.18
30.47,31.85,32.05,32.2,31.78,32.14,32.2,32.36,32.57,31.64,29.03,33.97,32.64,31.79,32.16,31.19,29.74,34.11,29.91,29.89,30.85,28.82,30.09,28.91,29.72,29.74,29.29,28.97
30.57,31.85,32.05,32.36,31.79,32.18,32.22,32.28,32.4,31.85,29.01,33.7,32.6,31.8,32,30.93,29.73,33.74,29.98,29.89,30.83,29.03,30.13,28.97,29.87,29.54,29.32,28.76
30.66,31.87,32.07,32.4,31.79,32.36,32.22,32.21,32.3,32.01,28.98,33.39,32.55,31.81,31.94,30.69,29.72,33.5,30.76,29.87,30.79,29.17,30.17,29.01,29.98,29.48,29.35,28.59
30.75,31.9,32.1,32.49,31.78,32.32,32.21,32.16,32.17,32.12,28.96,33.07,32.54,31.83,31.93,30.4,29.71,33.22,31.07,29.86,30.74,29.24,30.2,29.03,29.98,29.53,29.35,28.43
30.81,31.96,32.11,32.68,31.79,32.26,32.33,32.09,32.08,32.13,28.94,32.82,32.52,31.85,31.93,30.4,29.7,32.92,31.11,29.84,30.67,29.33,30.22,29.08,29.95,29.78,29.4,28.28
30.85,31.98,32.14,32.77,31.79,32.18,32.4,32.13,32,32.28,28.92,32.63,32.5,31.88,31.91,30.47,29.69,32.68,31.04,29.84,30.67,29.47,30.24,29.12,29.92,29.7,29.49,28.23
30.89,31.98,32.16,32.73,31.84,32.21,32.46,32.13,32.06,32.39,28.88,32.45,32.48,31.92,31.89,30.51,29.68,32.66,30.95,29.83,30.72,29.66,30.26,29.22,29.9,29.6,29.5,28.33
30.92,31.98,32.21,32.66,31.86,32.27,32.47,32.11,32.12,32.46,28.9,32.31,32.45,31.95,31.89,30.53,29.67,32.5,30.93,29.84,30.96,29.8,30.3,29.32,29.87,29.41,29.57,28.43
30.95,31.98,32.25,32.6,31.85,32.24,32.49,32.08,32.16,32.5,28.9,32.19,32.42,31.99,31.88,30.53,29.66,32.35,30.84,29.84,31.08,29.88,30.35,29.42,29.8,29.25,29.51,28.5
30.97,31.99,32.22,32.54,31.84,32.18,32.51,32.03,32.34,32.51,28.88,32.09,32.38,32.03,31.86,30.51,29.64,32.23,30.68,29.83,31.14,29.99,30.44,29.5,29.8,29.25,29.5,28.58
30.99,31.98,32.19,32.43,31.81,32.11,32.47,32.1,32.49,32.58,28.86,32.01,32.33,32.06,31.85,30.49,29.62,32.17,30.52,29.82,31.24,30.03,30.71,29.68,29.75,29.29,29.49,28.63
31,31.98,32.16,32.36,31.89,32.05,32.44,32.13,32.61,32.65,28.84,31.98,32.29,32.09,31.84,30.59,29.61,32.11,30.38,29.81,31.18,30.11,30.94,29.83,29.7,29.3,29.48,28.67
31.01,31.98,32.11,32.3,32.24,32.04,32.4,32.13,32.88,32.7,28.81,31.96,32.25,32.13,31.83,30.8,29.59,32.06,30.17,29.8,31.13,30.13,31.3,29.92,29.66,29.45,29.5,28.73
31.06,31.97,32.08,32.25,32.38,32.01,32.35,32.09,32.95,32.74,28.9,31.95,32.21,32.23,31.83,31.03,29.57,32.15,30,29.8,31.12,30.13,31.5,29.98,29.73,29.53,29.52,28.77
31.12,31.97,32.07,32.24,32.26,31.96,32.3,32.02,32.81,32.74,28.93,31.94,32.19,32.33,31.82,31.29,29.56,32.23,29.86,29.8,31.11,30.1,31.62,30.04,29.9,29.67,29.55,28.87
31.23,31.96,32.03,32.26,32.22,31.96,32.26,32.08,32.71,32.75,28.94,31.93,32.18,32.4,31.89,31.85,29.55,32.4,29.87,29.82,31.08,30.06,31.62,30.08,29.95,29.76,29.61,28.88
31.35,31.95,32.08,32.29,32.18,31.98,32.25,32.16,32.82,32.75,28.92,31.92,32.17,32.57,31.92,32.12,29.52,32.7,29.85,29.85,31.03,30.01,31.55,30.14,29.85,29.81,29.66,29.13
31.43,31.94,32.05,32.28,32.11,32.01,32.22,32.2,32.73,32.77,28.92,31.91,32.25,32.54,31.98,32.21,29.51,32.88,29.83,29.98,31.12,29.97,31.54,30.28,29.76,29.82,29.7,29.33
31.5,31.93,32.1,32.27,32.05,32.01,32.19,32.22,32.73,32.8,28.94,31.93,32.26,32.47,32.14,32.43,29.52,33,29.75,30.22,31.14,29.89,31.73,30.52,29.63,29.88,29.73,29.57
